date,location,organiser,Title,band_1,band_2,band_3,band_4,band_5,band_6,poster_url,links
2026-05-16,underground,stoa60,gig,ΚΑΘΑΡΟΣ ΧΑΛΚΟΣ,ΑΡΚΟΥΔΕΣ ΤΩΝ ΑΓΩΓΩΝ ΤΗΣ ΠΟΛΥΚΑΤΟΙΚΙΑΣ,,,,,https://raw.githubusercontent.com/xiaflos/stoa60/main/src/assets/images/posters/2025-2026/2026-05-16_kathares-arkoudes.jpg,ΚΑΘΑΡΟΣ ΧΑΛΚΟΣ=https://katharoschalkos.bandcamp.com/album/-|ΑΡΚΟΥΔΕΣ ΤΩΝ ΑΓΩΓΩΝ ΤΗΣ ΠΟΛΥΚΑΤΟΙΚΙΑΣ=https://www.youtube.com/watch?v=aArwHqZA-7Y
2026-05-09,underground,stoa60,gig,DISMISS,THYMICS,,,,,https://raw.githubusercontent.com/xiaflos/stoa60/main/src/assets/images/posters/2025-2026/2026-05-09_thymics.jpg,DISMISS=https://dismissband.bandcamp.com/music|THYMICS=https://thymics.bandcamp.com/album/nothing
2026-05-02,underground,stoa60,gig,ΣΟΜΑ,MALHOTRA,,,,,https://raw.githubusercontent.com/xiaflos/stoa60/main/src/assets/images/posters/2025-2026/2026-05-02_somalhotra.jpg,ΣΟΜΑ=https://somamesoma.bandcamp.com/music|MALHOTRA=https://malhotra.bandcamp.com/album/ruler-sun
2026-04-25,underground,stoa60,gig,JUNKHEART,ΠΟΝΤΙΚΙΑ,,,,,https://raw.githubusercontent.com/xiaflos/stoa60/main/src/assets/images/posters/2025-2026/2026-04-25_junkheart_pontikia.jpg,
2026-04-18,underground,stoa60,gig,ΑΧΕΟΝ,VEIL OMEGA,,,,,https://raw.githubusercontent.com/xiaflos/stoa60/main/src/assets/images/posters/2025-2026/2026-04-18_axeon_veil2.jpg,
2026-04-01,underground,stoa60,gig,SHORT DAYS,ΕΝΤΕΡΟΝ ΗΜΙΣΗ,,,,,https://raw.githubusercontent.com/xiaflos/stoa60/main/src/assets/images/posters/2025-2026/2026-04-01_shortdays.jpg,
2026-03-27,underground,stoa60,Soundsystem,STOA SUBATOMIC vol.1,,,,,,https://raw.githubusercontent.com/xiaflos/stoa60/main/src/assets/images/posters/2025-2026/2026-03-27_subatomic.jpg,
2026-03-21,underground,stoa60,gig,AETHERIAN,FLAMECORE,,,,,https://raw.githubusercontent.com/xiaflos/stoa60/main/src/assets/images/posters/2025-2026/2026-03-21_aetherian.jpg,
2026-03-14,underground,stoa60,gig,BLOODTRACE,YOUTHCRUSHER,,,,,https://raw.githubusercontent.com/xiaflos/stoa60/main/src/assets/images/posters/2025-2026/2026-03-14_youth.jpg,
2026-03-07,underground,stoa60,gig,INVALTA,ΒΑΚΙΡΤΖΙΑΝ,,,,,https://raw.githubusercontent.com/xiaflos/stoa60/main/src/assets/images/posters/2025-2026/2026-03-07_invalta.jpg,
2026-02-28,underground,stoa60,gig,KRATS,HAND & LEG,,,,,https://raw.githubusercontent.com/xiaflos/stoa60/main/src/assets/images/posters/2025-2026/2026-02-28_kratsHand.jpg,
2026-02-14,underground,stoa60,gig,OMEGA MONOLITH,CALF,LIVING UNDER DRONES,,,,https://raw.githubusercontent.com/xiaflos/stoa60/main/src/assets/images/posters/2025-2026/2026-02-14_omega.jpg,
2026-02-07,underground,stoa60,gig,ZERO CHANCE,OTOΜΠΡΙΤΣΙ,,,,,https://raw.githubusercontent.com/xiaflos/stoa60/main/src/assets/images/posters/2025-2026/2026-02-07_otompritsi.jpg,
2026-01-31,underground,stoa60,gig,STOLEN MIC,ΣΗΜΑΔΙ,ΔΡΑΜΑ ΚΩΜΙΚΟΥ,ΧΩΡΙΣ ΚΑΝΟΝΑ,WONE,ΦΛΥΑΡΙΑ,https://raw.githubusercontent.com/xiaflos/stoa60/main/src/assets/images/posters/2025-2026/2026-01-31_stolen.jpg,
2026-01-24,underground,stoa60,gig,KVADRAT,1000DEAD,,,,,https://raw.githubusercontent.com/xiaflos/stoa60/main/src/assets/images/posters/2025-2026/2026-01-24_kvadrat.jpg,
2026-01-17,underground,stoa60,gig,THE KLAMMERS,MELLOW LIZARD,,,,,https://raw.githubusercontent.com/xiaflos/stoa60/main/src/assets/images/posters/2025-2026/2026-01-17_klammers.jpg,
2026-01-10,underground,stoa60,gig,DOT ON EARTH,LUSTTONE,,,,,https://raw.githubusercontent.com/xiaflos/stoa60/main/src/assets/images/posters/2025-2026/2026-01-10_dotonearth.jpg,
2025-12-20,underground,stoa60,Bar,DARKNESS BEFORE CHRISTMAS,,,,,,https://raw.githubusercontent.com/xiaflos/stoa60/main/src/assets/images/posters/2025-2026/2025-12-20_darkness.jpg,
2025-12-13,underground,stoa60,gig,DURY DAVA,ACID ROOTS,,,,,https://raw.githubusercontent.com/xiaflos/stoa60/main/src/assets/images/posters/2025-2026/2025-12-13_dury.jpg,
2025-12-06,underground,stoa60,Bar,BROKEN ELECTRONIX NIGHT PT.II,,,,,,https://raw.githubusercontent.com/xiaflos/stoa60/main/src/assets/images/posters/2025-2026/2025-12-06_broken.jpg,
2025-12-04,underground,stoa60,Bar,NIGHT OF THE DEMON VOL. 2,,,,,,https://raw.githubusercontent.com/xiaflos/stoa60/main/src/assets/images/posters/2025-2026/2025-12-04_night-of-the-demon-vol2.jpg,
2025-11-29,underground,stoa60,gig,GNAAL,SACHMIS CULT,,,,,https://raw.githubusercontent.com/xiaflos/stoa60/main/src/assets/images/posters/2025-2026/2025-11-29_gnaal.jpg,
2025-11-22,underground,stoa60,gig,GYNOID,DRUID,,,,,https://raw.githubusercontent.com/xiaflos/stoa60/main/src/assets/images/posters/2025-2026/2025-11-22_gynoid.jpg,
2025-11-15,underground,stoa60,gig,SONS OF ZEVEDEUS,ΑΡΚΟΥΔΕΣ ΤΩΝ ΑΓΩΓΩΝ ΤΗΣ ΠΛΥΚΑΤΟΙΚΙΑΣ,,,,,https://raw.githubusercontent.com/xiaflos/stoa60/main/src/assets/images/posters/2025-2026/2025-11-15_zevedeus.jpg,
2025-11-09,underground,stoa60,gig,MEMORY,BABY CULT,,,,,https://raw.githubusercontent.com/xiaflos/stoa60/main/src/assets/images/posters/2025-2026/2025-11-09_memory.jpg,
2025-10-11,underground,stoa60,gig,CHAOTIC END,RAPTURE,,,,,https://raw.githubusercontent.com/xiaflos/stoa60/main/src/assets/images/posters/2025-2026/2025-10-11_chaotic.jpg,
2025-10-04,underground,stoa60,gig,PEPLO,HUMACHINES,,,,,https://raw.githubusercontent.com/xiaflos/stoa60/main/src/assets/images/posters/2025-2026/2025-10-04_peplo.jpg,
2025-09-07,underground,stoa60,gig,KRAV BOCA,AEON,THYMICS,,,,https://raw.githubusercontent.com/xiaflos/stoa60/main/src/assets/images/posters/2025-2026/2025-09-07_kravboca.jpg,
2025-05-24,karabolas,stoa60,Party,DUB KARAVOLAS,,,,,,https://raw.githubusercontent.com/xiaflos/stoa60/main/src/assets/images/posters/2024-2025/2025-05-24_reggaedub.jpg,
2025-05-17,underground,stoa60,gig,KATAXNIA,ΦΟΡΜΟΛΗ,,,,,https://raw.githubusercontent.com/xiaflos/stoa60/main/src/assets/images/posters/2024-2025/2025-05-17_kataxnia-formoli.jpg,
2025-05-10,underground,stoa60,gig,SCARFLOOD,,,,,,https://raw.githubusercontent.com/xiaflos/stoa60/main/src/assets/images/posters/2024-2025/2025-05-10_scarflood.jpg,
2025-05-03,underground,stoa60,gig,HAY STEALTHY,ΠΟΝΤΙΚΙΑ,,,,,https://raw.githubusercontent.com/xiaflos/stoa60/main/src/assets/images/posters/2024-2025/2025-05-03_hay-stealthy-pontikia.jpg,
2025-05-02,underground,stoa60,Bar,CRUCIFIXION BAR,,,,,,https://raw.githubusercontent.com/xiaflos/stoa60/main/src/assets/images/posters/2024-2025/2025-05-02_crucifixion.jpg,
2025-04-26,underground,stoa60,gig,ΜΕΓΑΛΗ ΦΥΓΗ,THYMICS,,,,,https://raw.githubusercontent.com/xiaflos/stoa60/main/src/assets/images/posters/2024-2025/2025-04-26_megali-fygi-thymics.jpg,
2025-04-05,underground,stoa60,gig,MOTORDEATH,CHAOTIC,,,,,https://raw.githubusercontent.com/xiaflos/stoa60/main/src/assets/images/posters/2024-2025/2025-04-05_motordeath-chaotic.jpg,
2025-03-29,underground,stoa60,gig,TYPHUS,AXEON,,,,,https://raw.githubusercontent.com/xiaflos/stoa60/main/src/assets/images/posters/2024-2025/2025-03-29_typhus-axeon.jpg,
2025-03-22,underground,stoa60,gig,ΑΝΗΦΟΡΑ,ΝΤΕΡΤΙ DANCING,,,,,https://raw.githubusercontent.com/xiaflos/stoa60/main/src/assets/images/posters/2024-2025/2025-03-22_anifora-nterti-dancing.jpg,
2025-03-08,underground,stoa60,gig,FALOODA,THE DEPRESSANTS,,,,,https://raw.githubusercontent.com/xiaflos/stoa60/main/src/assets/images/posters/2024-2025/2025-03-08_falooda-the-depressants.jpg,
2025-03-01,underground,stoa60,gig,ΑΔΑΕΙΣ,ΑΦΙΛΟΞΕΝΟ ΣΩΜΑ,,,,,https://raw.githubusercontent.com/xiaflos/stoa60/main/src/assets/images/posters/2024-2025/2025-03-01_adaeis_afiloxeno_soma.jpg,
2025-02-22,underground,stoa60,gig,YOVEL,GNAAL,,,,,https://raw.githubusercontent.com/xiaflos/stoa60/main/src/assets/images/posters/2024-2025/2025-02-22_yovel-gnaal_fb.jpg,
2025-02-15,underground,stoa60,gig,TAYLOR SAVAGE,OLLA VIA,SIRAP,OUROBOROS,,,https://raw.githubusercontent.com/xiaflos/stoa60/main/src/assets/images/posters/2024-2025/2025-02-15_taylor-savage-ollavia-sirap-ouroboros.jpg,
2025-02-08,underground,stoa60,gig,ΣΑΙΚΑ,,,,,,https://raw.githubusercontent.com/xiaflos/stoa60/main/src/assets/images/posters/2024-2025/2025-02-08_saika.jpg,
2025-01-24,underground,stoa60,gig,CUCUMBA,MELLOW LIZARD,,,,,https://raw.githubusercontent.com/xiaflos/stoa60/main/src/assets/images/posters/2024-2025/2025-01-24_cucumba-mellow-lizard.jpg,
2025-01-18,underground,stoa60,gig,KALTE NACHT,INCIRRINA,HUMACHINES,,,,https://raw.githubusercontent.com/xiaflos/stoa60/main/src/assets/images/posters/2024-2025/2025-01-18_kalte-nacht-incirrina-humachines.jpg,
2025-01-11,underground,stoa60,gig,ΤΖΟΝΙ ΜΠΙ,BLACK SPIRIT X ACE,GEE THREE,,,,https://raw.githubusercontent.com/xiaflos/stoa60/main/src/assets/images/posters/2024-2025/2025-01-11_tzoni-mpi-black-spirit-x-ace-gee-three.jpg,
2024-12-14,underground,stoa60,gig,NOTHING THRIVES,THYMICS,,,,,https://raw.githubusercontent.com/xiaflos/stoa60/main/src/assets/images/posters/2024-2025/2024-12-14_nothing-thrives-thymics.jpg,
2024-12-13,underground,stoa60,Theatre,ΤΣΙΡΙΝΤΣΑΝΤΣΟΥΛΕΣ,,,,,,https://raw.githubusercontent.com/xiaflos/stoa60/main/src/assets/images/posters/2024-2025/2024-12-13_theatriko.jpg,
2024-12-12,underground,stoa60,Bar,ΕΟΡΤΑΣΤΙΚΟ ΜΠΑΡ,,,,,,https://raw.githubusercontent.com/xiaflos/stoa60/main/src/assets/images/posters/2024-2025/2024-12-12_eortastiko.jpg,
2024-12-07,underground,stoa60,gig,BUS THE UNKNOWN SECRETARY,COSMIC PLUNGE,,,,,https://raw.githubusercontent.com/xiaflos/stoa60/main/src/assets/images/posters/2024-2025/2024-12-07_bus-the-unknown-secretary-cosmic-plunge.jpg,
2024-11-30,underground,stoa60,gig,THE VULCAN ITCH,KALYVA,,,,,https://raw.githubusercontent.com/xiaflos/stoa60/main/src/assets/images/posters/2024-2025/2024-11-30_the-vulcan-itch-kalyva.jpg,
2024-11-23,underground,stoa60,gig,THE SEXY CHRISTIANS,BABY CULT,,,,,https://raw.githubusercontent.com/xiaflos/stoa60/main/src/assets/images/posters/2024-2025/2024-11-23_the-sexy-christians-baby-cult.jpg,
2024-11-16,underground,stoa60,gig,THE MAN AND HIS FAILURES,PRE-EMPTIVE STRIKE 0.1,ASYLUM PROMISES,,,,https://raw.githubusercontent.com/xiaflos/stoa60/main/src/assets/images/posters/2024-2025/2024-11-16_the-man-and-his-failures-pre-emptive-strike-01-asylum-promises.jpg,
2024-11-09,underground,stoa60,gig,ΜΟΡΜΩ,CHAOTIC,,,,,https://raw.githubusercontent.com/xiaflos/stoa60/main/src/assets/images/posters/2024-2025/2024-11-09_mormo-chaotic.jpg,
2024-11-02,underground,stoa60,gig,ΔΡΑΜΑ ΚΩΜΙΚΟΥ AND THE DRUMOULINS,BLACK SPIRIT,ΛΟΓΟΥ ΧΑΡΙΝ,,,,https://raw.githubusercontent.com/xiaflos/stoa60/main/src/assets/images/posters/2024-2025/2024-11-02_drama-komikoy-and-the-drumoulins-black-spirit-logoy-charin.jpg,
2024-10-26,underground,stoa60,gig,ΣΤΟΜΑ,FETA NAGASAKI,,,,,https://raw.githubusercontent.com/xiaflos/stoa60/main/src/assets/images/posters/2024-2025/2024-10-26_stoma-feta-nagasaki.jpg,
2024-10-19,underground,stoa60,gig,SEER OF THE VOID,OKWAHO,,,,,https://raw.githubusercontent.com/xiaflos/stoa60/main/src/assets/images/posters/2024-2025/2024-10-19_seer-of-the-void-okwaho.jpg,
2024-10-12,underground,stoa60,gig,MELLOW LIZARD,MANDOLA AND LUTE IMPROV,,,,,https://raw.githubusercontent.com/xiaflos/stoa60/main/src/assets/images/posters/2024-2025/2024-10-12_mellow lizzrad.jpg,
2024-10-05,underground,stoa60,gig,ΧΕΙΜΕΡΙΑ ΝΑΡΚΗ,ΑΦΙΛΟΞΕΝΟ ΣΩΜΑ,,,,,https://raw.githubusercontent.com/xiaflos/stoa60/main/src/assets/images/posters/2024-2025/2024-10-05_xviv-and-sirap-live-electronix.jpg,
2024-09-21,underground,stoa60,Bar,BROKEN ELECTRONIX,,,,,,https://raw.githubusercontent.com/xiaflos/stoa60/main/src/assets/images/posters/2024-2025/2024-09-21_broken.jpg,
2024-07-20,underground,stoa60,gig,ΔΕΜΑΞΗΜΑΜ,PRINCE OF LILLIES,,,,,https://raw.githubusercontent.com/xiaflos/stoa60/main/src/assets/images/posters/2023-2024/2024-07-20_demaximam.jpg,
2024-07-09,underground,stoa60,gig,MY TURN,,,,,,https://raw.githubusercontent.com/xiaflos/stoa60/main/src/assets/images/posters/2023-2024/2024-07-09_myturn.jpg,
2024-06-29,voutes,rastapank,Soundsystem,EL PASO SOUNDSYSTEM,,,,,,https://raw.githubusercontent.com/xiaflos/stoa60/main/src/assets/images/posters/2023-2024/2024-06-29_makrofountes_fest.jpg,
2024-06-01,voutes,"rastapank, stoa60",gig,IMPEDANCE,KONOPS,SIRAP,,,,https://raw.githubusercontent.com/xiaflos/stoa60/main/src/assets/images/posters/2023-2024/2024-06-01_impedance_konops.jpg,
2024-05-18,underground,stoa60,gig,SUN OF NOTHING,KALYVA,,,,,https://raw.githubusercontent.com/xiaflos/stoa60/main/src/assets/images/posters/2023-2024/2024-05-18_sun-of-nothing-kalyva.jpg,
2024-05-10,underground,stoa60,gig,ΧΕΙΜΕΡΙΑ ΝΑΡΚΗ,ΑΦΙΛΟΞΕΝΟ ΣΩΜΑ,,,,,https://raw.githubusercontent.com/xiaflos/stoa60/main/src/assets/images/posters/2023-2024/2024-05-10_cheimeria-narki-afiloxeno-soma.jpg,
2024-04-20,underground,stoa60,Bar,FROM JAMAICA TO ENGLAND: A TRIBUTE TO BASS MUSIC PT. II,,,,,,https://raw.githubusercontent.com/xiaflos/stoa60/main/src/assets/images/posters/2023-2024/2024-04-20_jamaica.jpg,
2024-04-13,underground,stoa60,gig,ΝΕΟΝΑΚΗΣ ΒΑΚΙΡΤΖΙΑΝ,ΑΡΚΟΥΔΕΣ ΤΩΝ ΑΓΩΓΩΝ ΤΗΣ ΠΟΛΥΚΑΤΟΙΚΙΑΣ,,,,,https://raw.githubusercontent.com/xiaflos/stoa60/main/src/assets/images/posters/2023-2024/2024-04-13_neonakis-kai-vakirtzian-arkoydes-ton-agogon-tis-polykatoikias.jpg,
2024-04-05,underground,stoa60,gig,$OFT $KULL,MELLOW LIZARD,,,,,https://raw.githubusercontent.com/xiaflos/stoa60/main/src/assets/images/posters/2023-2024/2024-04-05_soft-skull-mellow-lizard.jpg,
2024-03-30,underground,stoa60,gig,THE STRESS,THE FLAT SURFERS,,,,,https://raw.githubusercontent.com/xiaflos/stoa60/main/src/assets/images/posters/2023-2024/2024-03-30_the-stress-the-flat-surfers.jpg,
2024-03-23,underground,stoa60,gig,AMKEN,AXEON,,,,,https://raw.githubusercontent.com/xiaflos/stoa60/main/src/assets/images/posters/2023-2024/2024-03-23_amken-axeon.jpg,
2024-03-15,underground,stoa60,gig,ΟΜΙΧΛΗ,THE DEPRESSANTS,,,,,https://raw.githubusercontent.com/xiaflos/stoa60/main/src/assets/images/posters/2023-2024/2024-03-15_omichli-the-depressants.jpg,
2024-03-02,underground,stoa60,gig,SCARFLOOD,KALYVA,,,,,https://raw.githubusercontent.com/xiaflos/stoa60/main/src/assets/images/posters/2023-2024/2024-03-02_nightopfthedemon.jpg,
2024-02-24,underground,stoa60,gig,SADHUS (THE SMOKING COMMUNITY),COSMIC PLUNGE,,,,,https://raw.githubusercontent.com/xiaflos/stoa60/main/src/assets/images/posters/2023-2024/2024-02-24_sadhus.jpg,
2024-02-17,underground,stoa60,Bar,FROM JAMAICA TO ENGLAND: A TRIBUTE TO BASS MUSIC PT. I,,,,,,https://raw.githubusercontent.com/xiaflos/stoa60/main/src/assets/images/posters/2023-2024/2024-02-17_jamaica.jpg,
2024-02-10,underground,stoa60,gig,COLD I,HUMACHINES,,,,,https://raw.githubusercontent.com/xiaflos/stoa60/main/src/assets/images/posters/2023-2024/2024-02-10_cold-i-humachines.jpg,
2024-02-03,underground,stoa60,Bar,NIGHT OF THE DEMON,,,,,,https://raw.githubusercontent.com/xiaflos/stoa60/main/src/assets/images/posters/2023-2024/2024-02-03_scarflood-kalyva.jpg,
2024-01-27,underground,stoa60,gig,ΜΕΘΥΣΜΕΝΑ ΞΩΤΙΚΑ,ΑΦΙΛΟΞΕΝΟ ΣΩΜΑ,,,,,https://raw.githubusercontent.com/xiaflos/stoa60/main/src/assets/images/posters/2023-2024/2024-01-27_methysmena-xotika-afiloxeno-soma.jpg,
2024-01-19,underground,stoa60,gig,PSYCHEDELIC TRIPS TO DEATH,HUMACHINES,,,,,https://raw.githubusercontent.com/xiaflos/stoa60/main/src/assets/images/posters/2023-2024/2024-01-19_PTTD_humachines.jpg,
2024-01-13,underground,stoa60,gig,ΤΑΦ ΛΑΘΟΣ,TWINSANITY,DJ MICRO,,,,https://raw.githubusercontent.com/xiaflos/stoa60/main/src/assets/images/posters/2023-2024/2024-01-13_taf-lathos-twinsanity-dj-micro.jpg,
2024-01-06,underground,stoa60,Bar,POST-PUNK VINYL DJ SET,,,,,,https://raw.githubusercontent.com/xiaflos/stoa60/main/src/assets/images/posters/2023-2024/2024-01-06_vinyl.jpg,
2023-12-23,underground,stoa60,Bar,MMA ΜΠΑΡ,,,,,,https://raw.githubusercontent.com/xiaflos/stoa60/main/src/assets/images/posters/2023-2024/2023-12-23_bar.jpg,
2023-12-16,underground,stoa60,gig,CHRONOBOROS,FUTILE MATING TACTICS,,,,,https://raw.githubusercontent.com/xiaflos/stoa60/main/src/assets/images/posters/2023-2024/2023-12-16_chronoboros-futile-mating-tactics.jpg,
2023-12-09,underground,stoa60,gig,FRENZEE,THYMICS,,,,,https://raw.githubusercontent.com/xiaflos/stoa60/main/src/assets/images/posters/2023-2024/2023-12-09_frenzee-thymics.jpg,
2023-12-08,underground,stoa60,gig,VENUS VOLCANISM,,,,,,https://raw.githubusercontent.com/xiaflos/stoa60/main/src/assets/images/posters/2023-2024/2023-12-08_venus.jpg,
2023-11-25,underground,stoa60,gig,FERAL KIDS,THE FLAT SURFERS,,,,,https://raw.githubusercontent.com/xiaflos/stoa60/main/src/assets/images/posters/2023-2024/2023-11-25_feral-kids-the-flat-surfers.jpg,
2023-11-18,underground,stoa60,gig,SCI-FI RIVER,ANIMA,BLACK SPIRIT,ACE,,,https://raw.githubusercontent.com/xiaflos/stoa60/main/src/assets/images/posters/2023-2024/2023-11-18_sci-fi-river-anima-black-spirit-x-ace.jpg,
2023-11-11,underground,stoa60,gig,ΔΡΑΜΑ ΚΩΜΙΚΟΥ & THE DRAMOULINS,BABY CULT,,,,,https://raw.githubusercontent.com/xiaflos/stoa60/main/src/assets/images/posters/2023-2024/2023-11-11_dramakomikou-babycult.jpg,
2023-11-05,underground,stoa60,gig,MOCM,SICKSACK,,,,,https://raw.githubusercontent.com/xiaflos/stoa60/main/src/assets/images/posters/2023-2024/2023-11-05_mocm-and-sicksack.jpg,
2023-09-23,karabolas,stoa60,gig,LOST BODIES,LOS TRE,,,,,https://raw.githubusercontent.com/xiaflos/stoa60/main/src/assets/images/posters/2023-2024/2023-09-23_lostbodies_lostre.jpg,
2023-07-23,karabolas,stoa60,gig,GREEN WAS GREENER,HUMACHINES,,,,,https://raw.githubusercontent.com/xiaflos/stoa60/main/src/assets/images/posters/2022-2023/2023-07-23_greenandhumachiens.jpg,
2023-06-10,underground,stoa60,gig,HEXIS,PS STAMPS BACK,,,,,https://raw.githubusercontent.com/xiaflos/stoa60/main/src/assets/images/posters/2022-2023/2023-06-10_hexis-ps-stamps-back.jpg,
2023-05-27,voutes,"rastapank, stoa60",Voutopia Fest,KOOBA TERCU,THE BOOMS,MELLOW LIZARD,HEMINGWAYS,,,https://raw.githubusercontent.com/xiaflos/stoa60/main/src/assets/images/posters/2022-2023/2023-05-27_koobatopia_fest.jpg,
2023-05-23,voutes,"rastapank, stoa60",Voutopia Fest,SAIKO,SMOKA & DEADMIC,ΣΤΙΓΜΑ,BLACK SPIRIT,,,https://raw.githubusercontent.com/xiaflos/stoa60/main/src/assets/images/posters/2022-2023/2023-05-23_voutopiahiphop_fest.jpg,
2023-05-20,underground,stoa60,gig,RIO,HUMACHINES,,,,,https://raw.githubusercontent.com/xiaflos/stoa60/main/src/assets/images/posters/2022-2023/2023-05-20_rio-humachines.jpg,
2023-05-12,underground,stoa60,gig,BAIT,OI BOYS,,,,,https://raw.githubusercontent.com/xiaflos/stoa60/main/src/assets/images/posters/2022-2023/2023-05-12_bait-oi-boys.jpg,
2023-05-06,underground,stoa60,gig,DEZO SPAZZ,GROOM IN VINEYARDS & THE LIGHTBENDER,GRIM MACHINE,,,,https://raw.githubusercontent.com/xiaflos/stoa60/main/src/assets/images/posters/2022-2023/2023-05-06_dezo-spazz-groom-in-vineyards-and-the-lightbender-grim-machine.jpg,
2023-05-05,underground,stoa60,gig,ANNALIZED,NOIOSE,,,,,https://raw.githubusercontent.com/xiaflos/stoa60/main/src/assets/images/posters/2022-2023/2023-05-05_annalized-noiose.jpg,
2023-04-29,underground,stoa60,gig,ΟΡΥΜΑΓΔΟΣ,YAKUZA,,,,,https://raw.githubusercontent.com/xiaflos/stoa60/main/src/assets/images/posters/2022-2023/2023-04-29_orymagdos-yakuza.jpg,
2023-04-22,underground,stoa60,gig,ΑΔΑΕΙΣ,ΑΦΙΛΟΞΕΝΟ ΣΩΜΑ,,,,,https://raw.githubusercontent.com/xiaflos/stoa60/main/src/assets/images/posters/2022-2023/2023-04-22_adaeis-afiloxeno-soma.jpg,
2023-04-08,underground,stoa60,Nite Visita,KOSTADIS,RCRENDER,ECHO CANYON,TURBOTEETH,,,https://raw.githubusercontent.com/xiaflos/stoa60/main/src/assets/images/posters/2022-2023/2023-04-08_nite-visita-kostadis-rcrender-echo-canyon-turboteeth.jpg,
2023-04-01,underground,stoa60,gig,CHAIN CULT,THYMICS,,,,,https://raw.githubusercontent.com/xiaflos/stoa60/main/src/assets/images/posters/2022-2023/2023-04-01_chain-cult-thymics.jpg,
2023-03-25,underground,stoa60,gig,KARMAKIND,ΠΑΛΙΑΤΣΟΣ x AEON,ΧΩΡΙΣ ΚΑΝΟΝΑ x MORELLI,KAYHEAL x FAZZA x SAMANOS,,,https://raw.githubusercontent.com/xiaflos/stoa60/main/src/assets/images/posters/2022-2023/2023-03-25_2imero-sordalias.jpg,
2023-03-18,underground,stoa60,gig,COMMUTER,,,,,,https://raw.githubusercontent.com/xiaflos/stoa60/main/src/assets/images/posters/2022-2023/2023-03-18_commuter.jpg,
2023-03-11,underground,stoa60,gig,ZAKULA,SCARFLOOD,,,,,https://raw.githubusercontent.com/xiaflos/stoa60/main/src/assets/images/posters/2022-2023/2023-03-11_zakula-scarflood.jpg,
2023-03-04,underground,stoa60,gig,NEVER-TRUST,ΕΝΤΕΡΟΝ ΗΜΙΣΥ,,,,,https://raw.githubusercontent.com/xiaflos/stoa60/main/src/assets/images/posters/2022-2023/2023-03-04_never-trust-enteron-imisy.jpg,
2023-02-25,underground,stoa60,Bar,BAR ΟΙΚΟΝΟΜΙΚΗΣ ΕΝΙΣΧΥΣΗΣ,,,,,,https://raw.githubusercontent.com/xiaflos/stoa60/main/src/assets/images/posters/2022-2023/2023-02-25_deutero.jpg,
2023-02-17,underground,stoa60,gig,ΨΑΡΟΓΙΩΡΓΗΣ,ΞΕΦΡΕΝΟ ΑΕΡΟΣΤΑΤΟ,,,,,https://raw.githubusercontent.com/xiaflos/stoa60/main/src/assets/images/posters/2022-2023/2023-02-17_psarogiorgis-xefreno-aerostato.jpg,
2023-02-11,underground,stoa60,gig,BABY CULT,,,,,,https://raw.githubusercontent.com/xiaflos/stoa60/main/src/assets/images/posters/2022-2023/2023-02-11_baby-cult.jpg,
2023-02-04,underground,stoa60,gig,JUNKWOLVZ,LEGACY,,,,,https://raw.githubusercontent.com/xiaflos/stoa60/main/src/assets/images/posters/2022-2023/2023-02-04_junkwolvz-legacy.jpg,
2023-01-28,underground,stoa60,gig,ΦΑΛΚΟΝΕΡΑ,PIRATES CITY,,,,,https://raw.githubusercontent.com/xiaflos/stoa60/main/src/assets/images/posters/2022-2023/2023-01-28_falkonera-pirates-city.jpg,
2023-01-14,underground,stoa60,gig,ΤΟΞΙΚΑ ΑΠΟΒΛΗΤΑ,MANAKULA,,,,,https://raw.githubusercontent.com/xiaflos/stoa60/main/src/assets/images/posters/2022-2023/2023-01-14_toxika-apovlita-manakula.jpg,
2022-12-17,underground,stoa60,gig,HAILSTEEL,AXEON,,,,,https://raw.githubusercontent.com/xiaflos/stoa60/main/src/assets/images/posters/2022-2023/2022-12-17_hailsteel-axeon.jpg,
2022-12-09,underground,stoa60,gig,ΕΚΤΟΣ ΕΛΕΓΧΟΥ,ΟΤΟΜΠΡΙΤΣΙ ΜΟΤΟΡΙ,THE FLAT SURFERS,,,,https://raw.githubusercontent.com/xiaflos/stoa60/main/src/assets/images/posters/2022-2023/2022-12-09_ektos-elegchoy-otompritsi-motori-the-flat-surfers.jpg,
2022-12-03,underground,stoa60,gig,NEO TERAS,HUMACHINES,,,,,https://raw.githubusercontent.com/xiaflos/stoa60/main/src/assets/images/posters/2022-2023/2022-12-03_neo-teras-humachines.jpg,
2022-11-26,underground,stoa60,gig,BUS THE UNKNOWN SECRETARY,,,,,,https://raw.githubusercontent.com/xiaflos/stoa60/main/src/assets/images/posters/2022-2023/2022-11-26_bus-the-unknown-secretary.jpg,
2022-11-19,underground,stoa60,gig,RAMPAGE!,FRENZEE,,,,,https://raw.githubusercontent.com/xiaflos/stoa60/main/src/assets/images/posters/2022-2023/2022-11-19_rampage-frenzee.jpg,
2022-11-12,underground,ba2037,gig,STYLIANOS OU,OLA VIA,MIZI,,,,https://raw.githubusercontent.com/xiaflos/stoa60/main/src/assets/images/posters/2022-2023/2022-11-12-Ollavia.jpg,
2022-11-05,underground,stoa60,gig,LAME BEACH,MELLOW LIZARD,,,,,https://raw.githubusercontent.com/xiaflos/stoa60/main/src/assets/images/posters/2022-2023/2022-11-05_lame-beach-mellow-lizard.jpg,
2022-10-21,underground,stoa60,gig,DEATH DRIVE,HELHOLTZ,,,,,https://raw.githubusercontent.com/xiaflos/stoa60/main/src/assets/images/posters/2022-2023/2022-10-21_death-drive-helholtz__ba2037.jpg,
2022-10-15,underground,stoa60,gig,GEMMA,TWENTYSEVEN,,,,,https://raw.githubusercontent.com/xiaflos/stoa60/main/src/assets/images/posters/2022-2023/2022-10-15_gemma-twentyseven.jpg,
2022-10-07,underground,stoa60,Bar,DOUBLE TROUBLE BAR,,,,,,https://raw.githubusercontent.com/xiaflos/stoa60/main/src/assets/images/posters/2022-2023/2022-10-07_doubletrouble.jpg,
2022-10-01,underground,stoa60,gig,DURY DAVA,GREEN WAS GREENER,,,,,https://raw.githubusercontent.com/xiaflos/stoa60/main/src/assets/images/posters/2022-2023/2022-10-01_dury-dava-green-was-greener.jpg,
2022-07-16,karabolas,stoa60,Party,PARTY KARAVOLAS,,,,,,https://raw.githubusercontent.com/xiaflos/stoa60/main/src/assets/images/posters/2021-2022/2022-07-16_party.jpg,
2022-07-13,voutes,rastapank,Makrovoutes,CENTRAL POZITRONICS,FRENZEE,BABY CULT,KRATS,GEMMA,,https://raw.githubusercontent.com/xiaflos/stoa60/main/src/assets/images/posters/2021-2022/2022-07-13-pozitronics_fest.jpg,
2022-06-17,underground,stoa60,gig,SCREAMING FLY,ΑΦΙΛΟΞΕΝΟ ΣΩΜΑ,,,,,https://raw.githubusercontent.com/xiaflos/stoa60/main/src/assets/images/posters/2021-2022/2022-06-17_screaming_fly_afilokseno.jpg,
2022-06-11,karabolas,stoa60,Fertility Fest,COSMIC SHADOWS,MELLOW LIZARD,PALESTINI2,,,,https://raw.githubusercontent.com/xiaflos/stoa60/main/src/assets/images/posters/2021-2022/2022-06-11_fertility_black_fest.jpg,
2022-05-28,underground,stoa60,gig,DRY COUGH,HOUSE OF TOLERANCE,,,,,https://raw.githubusercontent.com/xiaflos/stoa60/main/src/assets/images/posters/2021-2022/2022-05-28_DRY COUGH_fb.jpg,
2022-04-30,karabolas,stoa60,gig,PROLETKULT RADIO,KICKING NERVE,BABY CULT,,,,https://raw.githubusercontent.com/xiaflos/stoa60/main/src/assets/images/posters/2021-2022/2022-04-30_proletkult.jpg,
2021-11-05,voutes,"rastapank, ba2037",gig,HEKATE,JOJO SAWAVE,HUMACHINES,,,,https://raw.githubusercontent.com/xiaflos/stoa60/main/src/assets/images/posters/2021-2022/2021-11-05_hekate.jpg,
2021-09-25,voutes,"rastapank, stoa60",gig,MELLOW LIZARD,ΟΤΟΜΠΡΙΤΣΙ ΜΟΤΟΡΙ,THYMICS,,,,https://raw.githubusercontent.com/xiaflos/stoa60/main/src/assets/images/posters/2021-2022/2021-09-25_mellow_otobritsi_thymics.jpg,
2021-09-18,karabolas,stoa60,gig,ΑΔΑΕΙΣ,360,,,,,https://raw.githubusercontent.com/xiaflos/stoa60/main/src/assets/images/posters/2021-2022/2021-09-18_adaeis.jpg,
2021-09-11,karabolas,stoa60,gig,NERRVES,BABY CULT,,,,,https://raw.githubusercontent.com/xiaflos/stoa60/main/src/assets/images/posters/2021-2022/2021-09-11_nerves_babycult.jpg,
2021-07-24,voutes,rastapank,gig,CORTES,MARYSHAW,3ΠΔ,,,,https://raw.githubusercontent.com/xiaflos/stoa60/main/src/assets/images/posters/2020-2021/2021-07-24-cortes.jpg,
2021-05-14,karabolas,stoa60,gig,LOST BODIES,SKLAVOS,,,,,https://raw.githubusercontent.com/xiaflos/stoa60/main/src/assets/images/posters/2020-2021/2021-05-14_lost_bodies_sclavos.jpg,
2020-07-11,karabolas,stoa60,gig,DRUMACHINE,THYMICS,MELLOW LIZARD,,,,https://raw.githubusercontent.com/xiaflos/stoa60/main/src/assets/images/posters/2019-2020/2020-07-11_dramachine.jpg,
2020-06-19,walls,ba2037,Party,ENETIKA TEIXI SOIRE,,,,,,https://raw.githubusercontent.com/xiaflos/stoa60/main/src/assets/images/posters/2019-2020/2020-06-19_TEIXI.jpg,
2020-03-07,underground,stoa60,gig,YELLOW DEVIL SAUCE,OKWAHO,,,,,https://raw.githubusercontent.com/xiaflos/stoa60/main/src/assets/images/posters/2019-2020/2020-03-07_yellow-devil-sauce-okwaho.jpg,
2020-02-29,underground,stoa60,gig,NEVER-TRUST,BELOW THE BOTTOM,,,,,https://raw.githubusercontent.com/xiaflos/stoa60/main/src/assets/images/posters/2019-2020/2020-02-29_never-trust-below-the-bottom.jpg,
2020-02-15,underground,stoa60,gig,GRANDMASTER COCKROACH,MELLOW LIZARD,,,,,https://raw.githubusercontent.com/xiaflos/stoa60/main/src/assets/images/posters/2019-2020/2020-02-15_grandmaster-cockroach-mellow-lizard.jpg,
2020-02-08,underground,stoa60,gig,MOTIFF,BABY CULT,,,,,https://raw.githubusercontent.com/xiaflos/stoa60/main/src/assets/images/posters/2019-2020/2020-02-08_motiff-baby-cult.jpg,
2020-02-01,underground,stoa60,gig,YOVEL,DEMENTIA,,,,,https://raw.githubusercontent.com/xiaflos/stoa60/main/src/assets/images/posters/2019-2020/2020-02-01_yovel-dementia.jpg,
2020-01-26,underground,stoa60,gig,THE SEXY CHRISTIANS,THYMICS,,,,,https://raw.githubusercontent.com/xiaflos/stoa60/main/src/assets/images/posters/2019-2020/2020-01-26_the-sexy-christians-thymics.jpg,
2020-01-25,underground,ba2037,Saturday Takeover,LYCURGUS,IMPEDANCE,,,,,https://raw.githubusercontent.com/xiaflos/stoa60/main/src/assets/images/posters/2019-2020/2020-01-25_Lycurgus.jpg,
2020-01-19,underground,ba2037,Experimental Sundays,EAZY,RND ACCESS,MX,,,,https://raw.githubusercontent.com/xiaflos/stoa60/main/src/assets/images/posters/2019-2020/2020-01-19_EAZYRND.jpg,
2020-01-18,underground,stoa60,gig,BELOW THE BOTTOM,REPRISAL,,,,,https://raw.githubusercontent.com/xiaflos/stoa60/main/src/assets/images/posters/2019-2020/2020-01-18_below-the-bottom-reprisal_v2.jpg,
2020-01-11,underground,stoa60,gig,NURSE OF WAR,ΟΤΟΜΠΡΙΤΣΙ ΜΟΤΟΡΙ,,,,,https://raw.githubusercontent.com/xiaflos/stoa60/main/src/assets/images/posters/2019-2020/2020-01-11_nurse-of-war-otompritsi-motori.jpg,
2020-01-04,underground,stoa60,gig,TIDAL SHOCK,PRIMO BAKE,,,,,https://raw.githubusercontent.com/xiaflos/stoa60/main/src/assets/images/posters/2019-2020/2020-01-04_tidal-shock-primo-bake.jpg,
2019-12-14,underground,ba2037,Saturday Takeover,PS STAMPS BACK,MOLFETUS,,,,,https://raw.githubusercontent.com/xiaflos/stoa60/main/src/assets/images/posters/2019-2020/2019-12-14_MOLFETUS.jpg,
2019-12-12,underground,stoa60,gig,ΔΡΑΜΑ ΚΩΜΙΚΟΥ,ΑΝΤΙΘΕΤΗ ΦΩΝΗ,ΛΟΓΟΥ ΧΑΡΙΝ,ΣΑΙΚΟ,NYX,,https://raw.githubusercontent.com/xiaflos/stoa60/main/src/assets/images/posters/2019-2020/2019-12-12_drama.jpg,
2019-12-01,underground,stoa60,gig,HEAD ON,LITTLE VIRGIN EXPERIENCE,,,,,https://raw.githubusercontent.com/xiaflos/stoa60/main/src/assets/images/posters/2018-2019/2019-01-12_head-on-little-virgin-experience.jpg,
2019-11-30,underground,stoa60,gig,REVERB SNATCHERS,THE THIN BASTARDS,,,,,https://raw.githubusercontent.com/xiaflos/stoa60/main/src/assets/images/posters/2019-2020/2019-11-30_reverb-snatchers-the-thin-bastards.jpg,
2019-11-24,underground,ba2037,Experimental Sundays,ΞΕΦΡΕΝΟ ΑΕΡΟΣΤΑΤΟ,,,,,,https://raw.githubusercontent.com/xiaflos/stoa60/main/src/assets/images/posters/2019-2020/2019-11-24_xefreno.jpg,
2019-11-23,underground,stoa60,gig,HAND & LEG,HUMACHINES,,,,,https://raw.githubusercontent.com/xiaflos/stoa60/main/src/assets/images/posters/2019-2020/2019-11-23_hand-and-leg-humachines.jpg,
2019-11-16,underground,stoa60,gig,THREE WAY PLANE,BLOCK 16,,,,,https://raw.githubusercontent.com/xiaflos/stoa60/main/src/assets/images/posters/2019-2020/2019-11-16_threewayblock.jpg,
2019-11-09,underground,stoa60,gig,VISIONS OF WAR,PUNKOFONIX,,,,,https://raw.githubusercontent.com/xiaflos/stoa60/main/src/assets/images/posters/2019-2020/2019-11-09_visions-of-war-punkofonix.jpg,
2019-11-02,underground,ba2037,Saturday Takeover,ANTON BEATBOX,IMPEDANCE,,,,,https://raw.githubusercontent.com/xiaflos/stoa60/main/src/assets/images/posters/2019-2020/2019-11-02_TAKEOVER1.jpg,
2019-10-26,underground,stoa60,gig,THYMICS,MELLOW LIZARD,,,,,https://raw.githubusercontent.com/xiaflos/stoa60/main/src/assets/images/posters/2019-2020/2019-10-26_thymics-mellow-lizard_fb.jpg,
2019-10-19,underground,"stoa60, vomvos",Underworld Rises,EMBRACE OF THORNS,SLAUGHTERED PRIEST,YOVEL,,,,https://raw.githubusercontent.com/xiaflos/stoa60/main/src/assets/images/posters/2019-2020/2019-10-19_underworld-rises-festival-vii-embrace-of-thorns-slaughtered-priest-yovel.jpg,
2019-10-12,underground,stoa60,gig,BAZOOKA,GAY ANNIVERSARY,,,,,https://raw.githubusercontent.com/xiaflos/stoa60/main/src/assets/images/posters/2019-2020/2019-10-12_bazooka-gay-anniversary.jpg,
2019-10-05,underground,stoa60,gig,THE BOOMS,,,,,,https://raw.githubusercontent.com/xiaflos/stoa60/main/src/assets/images/posters/2019-2020/2019-10-05_the-booms.jpg,
2019-09-28,underground,stoa60,gig,SITARSONIC,BJORN ALPHA,,,,,https://raw.githubusercontent.com/xiaflos/stoa60/main/src/assets/images/posters/2019-2020/2019-09-28_sitarsonic-bjorn-alpha.jpg,
2019-09-20,underground,stoa60,gig,KOHU 63,THE THIN BASTARDS,,,,,https://raw.githubusercontent.com/xiaflos/stoa60/main/src/assets/images/posters/2019-2020/2019-09-20_kohu-63-the-thin-bastards_fb.jpg,
2019-09-14,karabolas,"stoa60, vomvos",Down Tuned Dazed,BUS,OKWAHO,THYMICS,TIDAL SHOCK,HASHIYA,,https://raw.githubusercontent.com/xiaflos/stoa60/main/src/assets/images/posters/2019-2020/2019-09-14_downtuneddaze_fest.jpg,
2019-09-07,karabolas,stoa60,Party,PARTY STOA 60,,,,,,https://raw.githubusercontent.com/xiaflos/stoa60/main/src/assets/images/posters/2019-2020/2019-09-07_party-stoa60.jpg,
2019-08-31,karabolas,stoa60,Party,PARTY BA2037,,,,,,https://raw.githubusercontent.com/xiaflos/stoa60/main/src/assets/images/posters/2018-2019/2019-08-31_karavolas.jpg,
2019-07-13,karabolas,stoa60,Tsurai Fest,ΝΟΜΟΣ 751,$OFT $KULL,KOONOOPOMANA,DURY DAVA,GRIN,,https://raw.githubusercontent.com/xiaflos/stoa60/main/src/assets/images/posters/2018-2019/2019-07-13_tsurai2_fest.jpg,
2019-06-15,karabolas,stoa60,Fertility Fest,THYMICS,MELLOW LIZARD,QUEEN TAKES JACK,HUMACHINES,,,https://raw.githubusercontent.com/xiaflos/stoa60/main/src/assets/images/posters/2018-2019/2019-06-15-dayoffertility.jpg,
2019-05-25,karabolas,stoa60,gig,MAZOHA,BLAKAUT,,,,,https://raw.githubusercontent.com/xiaflos/stoa60/main/src/assets/images/posters/2018-2019/2019-05-25_mazoha-blakaut.jpg,
2019-05-18,voutes,"rastapank, ba2037",Makrovoutes,VENUS VOLCANISM IN ATLAS,KRATS,FETA NAGASAKI,,,,https://raw.githubusercontent.com/xiaflos/stoa60/main/src/assets/images/posters/2018-2019/2019-05-18_makro.jpg,
2019-05-16,voutes,"rastapank, stoa60",Makrovoutes,TIDAL SHOCK,THYMICS,GRIN,BABY CULT,,,https://raw.githubusercontent.com/xiaflos/stoa60/main/src/assets/images/posters/2018-2019/2019-05-16-makrovoutes_fest.jpg,
2019-05-11,underground,stoa60,gig,ΑΓΟΡΙΑΣΤΟΝΗΛΙΟ,,,,,,https://raw.githubusercontent.com/xiaflos/stoa60/main/src/assets/images/posters/2018-2019/2019-05-11_agoriastonilio.jpg,
2019-05-04,karabolas,stoa60,Party,PARTY,,,,,,https://raw.githubusercontent.com/xiaflos/stoa60/main/src/assets/images/posters/2018-2019/2019-05-04_party.jpg,
2019-04-14,underground,ba2037,Experimental Sundays,KOSTADIS,TURBO TEETH,,,,,https://raw.githubusercontent.com/xiaflos/stoa60/main/src/assets/images/posters/2018-2019/2019-04-14_kostadis.jpg,
2019-04-08,underground,stoa60,gig,MONOVINE,THYMICS,,,,,https://raw.githubusercontent.com/xiaflos/stoa60/main/src/assets/images/posters/2018-2019/2019-04-08_monovine-thymics.jpg,
2019-04-04,underground,stoa60,gig,MR. CLARINET,,,,,,https://raw.githubusercontent.com/xiaflos/stoa60/main/src/assets/images/posters/2018-2019/2019-04-04_mr-clarinet.jpg,
2019-03-31,underground,ba2037,Experimental Sundays,LAST DAYS OF SEX,SOLAR ANUS,KRATS,,,,https://raw.githubusercontent.com/xiaflos/stoa60/main/src/assets/images/posters/2018-2019/2019-03-31_Lastdays.jpg,
2019-03-30,underground,stoa60,gig,100TH ANNIVERSARY,MELLOW LIZARD,SKUMA,GRIN,HUMACHINES,,https://raw.githubusercontent.com/xiaflos/stoa60/main/src/assets/images/posters/2018-2019/2019-03-30_100th-anniversary-mellow-lizard-skuma-grin-humachines.jpg,
2019-03-23,underground,stoa60,gig,LITTLE VIRGIN EXPERIENCE,MERIDIAN BLANK,,,,,https://raw.githubusercontent.com/xiaflos/stoa60/main/src/assets/images/posters/2018-2019/2019-03-23_little-virgin-experience-meridian-blank.jpg,
2019-03-19,underground,stoa60,gig,WEEDWOLF,TIDAL SHOCK,,,,,https://raw.githubusercontent.com/xiaflos/stoa60/main/src/assets/images/posters/2018-2019/2019-03-19_weedwolf-tidal-shock.jpg,
2019-03-16,underground,stoa60,gig,REPRISAL,PURE VIOLENT HEDONISM,,,,,https://raw.githubusercontent.com/xiaflos/stoa60/main/src/assets/images/posters/2018-2019/2019-03-16_reprisalpvhedonism.jpg,
2019-03-09,underground,stoa60,gig,SANS CORPS,,,,,,https://raw.githubusercontent.com/xiaflos/stoa60/main/src/assets/images/posters/2018-2019/2019-03-09_sans-corps.jpg,
2019-03-02,underground,stoa60,gig,DUOYU,SUGAR KANE,,,,,https://raw.githubusercontent.com/xiaflos/stoa60/main/src/assets/images/posters/2018-2019/2019-03-02_duoyu-sugar-kane.jpg,
2019-02-24,underground,ba2037,Experimental Sundays,ANFS,,,,,,https://raw.githubusercontent.com/xiaflos/stoa60/main/src/assets/images/posters/2018-2019/2019-02-24_ANFS.jpg,
2019-02-23,underground,stoa60,gig,INFLUENZA,BABY CULT,,,,,https://raw.githubusercontent.com/xiaflos/stoa60/main/src/assets/images/posters/2018-2019/2019-02-23_influenza-baby-cult.jpg,
2019-02-16,underground,stoa60,gig,MISSBRAUCH,THE THIN BASTARDS,,,,,https://raw.githubusercontent.com/xiaflos/stoa60/main/src/assets/images/posters/2018-2019/2019-02-16_missbrauch-the-thin-bastards.jpg,
2019-02-10,underground,ba2037,Experimental Sundays,DELEVELED,,,,,,https://raw.githubusercontent.com/xiaflos/stoa60/main/src/assets/images/posters/2018-2019/2019-02-10_deleveled.jpg,
2019-02-09,underground,stoa60,gig,COSMIC PLUNGE,WISE ASTRONOMIST,,,,,https://raw.githubusercontent.com/xiaflos/stoa60/main/src/assets/images/posters/2018-2019/2019-02-09_cosmic-plunge-wise-astronomist.jpg,
2019-02-02,underground,stoa60,gig,AUTOMATON,TIDAL SHOCK,,,,,https://raw.githubusercontent.com/xiaflos/stoa60/main/src/assets/images/posters/2018-2019/2019-02-02_automaton-tidal-shock.jpg,
2019-01-26,underground,stoa60,gig,SWIM TO CAPE SHERPA,BERDNTURTLE,,,,,https://raw.githubusercontent.com/xiaflos/stoa60/main/src/assets/images/posters/2018-2019/2019-01-26_swim-to-cape-sherpa-berdnturtle.jpg,
2019-01-19,underground,stoa60,gig,PSYCHEDELIC TRIPS TO DEATH,HUMACHINES,,,,,https://raw.githubusercontent.com/xiaflos/stoa60/main/src/assets/images/posters/2018-2019/2019-01-19_Psychedelictrips.jpg,
2019-01-13,underground,ba2037,Experimental Sundays,DEEP IN MIND,,,,,,https://raw.githubusercontent.com/xiaflos/stoa60/main/src/assets/images/posters/2018-2019/2019-01-13_secondsunday.jpg,
2019-01-12,evangelismos,ba2037,gig,TONTO,KRATS,,,,,https://raw.githubusercontent.com/xiaflos/stoa60/main/src/assets/images/posters/2019-2020/2019-12-01_tonto.jpg,
2018-12-29,underground,stoa60,gig,CRISIS CALL,TERRIE,,,,,https://raw.githubusercontent.com/xiaflos/stoa60/main/src/assets/images/posters/2018-2019/2018-12-29_crisis-call-terrie.jpg,
2018-12-22,underground,stoa60,gig,NYX,BLACK SPIRIT X ACE,ΜΥΣΤΗΡΙΟΣ ΤΥΠΟΣ,SKALE,,,https://raw.githubusercontent.com/xiaflos/stoa60/main/src/assets/images/posters/2018-2019/2018-12-22_nyx-black-spirit-x-ace-mystirios-typos-skale.jpg,
2018-12-21,voutes,rastapank;ba2037,Party,ΒΟΥΤΕΣ ΠΑΡΤΥ,,,,,,https://raw.githubusercontent.com/xiaflos/stoa60/main/src/assets/images/posters/2018-2019/2018-12-21_voutesparty.jpg,
2018-12-14,underground,stoa60,gig,NERRVES,MELLON SNACKMAN IGUANA,,,,,https://raw.githubusercontent.com/xiaflos/stoa60/main/src/assets/images/posters/2018-2019/2018-12-14_nerrves-mellon-snackman-iguana.jpg,
2018-12-08,underground,stoa60,gig,TREEP,THYMICS,,,,,https://raw.githubusercontent.com/xiaflos/stoa60/main/src/assets/images/posters/2018-2019/2018-12-08_treep-thymics.jpg,
2018-12-02,underground,ba2037,Experimental Sundays,SILENCE OF THE GOAT,MX,,,,,https://raw.githubusercontent.com/xiaflos/stoa60/main/src/assets/images/posters/2018-2019/2018-12-02_firstSunday.jpg,
2018-12-01,underground,stoa60,gig,BLACK SUMMER,PUNKOFONIX,ΣΤΡΑΦΙ,,,,https://raw.githubusercontent.com/xiaflos/stoa60/main/src/assets/images/posters/2018-2019/2018-12-01_black-summer-punkofonix-strafi.jpg,
2018-11-10,underground,stoa60,gig,TWINSANITY,AFEZZ,ΣΑΙΚΟ,MISS ZEBRA,,,https://raw.githubusercontent.com/xiaflos/stoa60/main/src/assets/images/posters/2018-2019/2018-11-10_twinsanity-afezz-saiko-miss-zebra.jpg,
2018-11-02,underground,stoa60,gig,MARK MORGAN,DEAD GUM,,,,,https://raw.githubusercontent.com/xiaflos/stoa60/main/src/assets/images/posters/2018-2019/2018-11-02_mark-morgan-dead-gum.jpg,
2018-10-27,underground,stoa60,gig,MELLOW LIZARD,ΜΙΝΕΡΒΑ,,,,,https://raw.githubusercontent.com/xiaflos/stoa60/main/src/assets/images/posters/2018-2019/2018-10-27_mellow-lizard-minerva.jpg,
2018-10-24,underground,stoa60,gig,INSECT RADIO,BELOW THE BOTTOM,,,,,https://raw.githubusercontent.com/xiaflos/stoa60/main/src/assets/images/posters/2018-2019/2018-10-24_insect-radio-below-the-bottom.jpg,
2018-10-17,underground,stoa60,gig,RITA MOSS,IONLYSLEEPWITHTHEBEST,,,,,https://raw.githubusercontent.com/xiaflos/stoa60/main/src/assets/images/posters/2018-2019/2018-10-17_rita-moss-ionlysleepwiththebest.jpg,
2018-10-14,underground,stoa60,gig,TWO HORSES AND A COW,,,,,,https://raw.githubusercontent.com/xiaflos/stoa60/main/src/assets/images/posters/2018-2019/2018-10-14_two-horses-and-a-cow.jpg,
2018-10-06,underground,stoa60,gig,ΟΤΟΜΠΡΙΤΣΙ ΜΟΤΟΡΙ,ΑΧΑΙΡΕΥΤΟΙ,,,,,https://raw.githubusercontent.com/xiaflos/stoa60/main/src/assets/images/posters/2018-2019/2018-10-06_otompritsi-motori-achaireytoi.jpg,
2018-09-08,georgiadis,stoa60,Down Tuned Dazed,1000MODS,,,,,,https://raw.githubusercontent.com/xiaflos/stoa60/main/src/assets/images/posters/2018-2019/2018-09-08_1000MODS_fest.jpg,
2018-09-01,karabolas,stoa60,Party,PARTY SIMULATION EXPERIMENT,,,,,,https://raw.githubusercontent.com/xiaflos/stoa60/main/src/assets/images/posters/2018-2019/2018-09-01_experiment.jpg,
2018-08-08,georgiadis,stoa60,Party,PIRATES CITY,,,,,,https://raw.githubusercontent.com/xiaflos/stoa60/main/src/assets/images/posters/2017-2018/2018-08-08_pirateCity.jpg,
2018-07-14,georgiadis,stoa60,Tsurai Fest,KOOBA TERCU,WHAM JA,THE PERIODS,ΟΡΗ,MELLON SNACKMAN IGUANA,,https://raw.githubusercontent.com/xiaflos/stoa60/main/src/assets/images/posters/2017-2018/2018-07-14_first_tsurai_fest.jpg,
2018-05-25,underground,stoa60,gig,OLLA VIA,IMPEDANCE,CHRYSANTHEMUM,OUROBOROS,,,https://raw.githubusercontent.com/xiaflos/stoa60/main/src/assets/images/posters/2017-2018/2018-05-25_olla-via-impedance-chrysanthemum-ouroboros.jpg,
2018-05-19,karabolas,stoa60,Party,PARTY 3 ΧΡΟΝΙΑ ΣΤΟΑ,,,,,,https://raw.githubusercontent.com/xiaflos/stoa60/main/src/assets/images/posters/2017-2018/2018-05-19_first_karavolas.jpg,
2018-05-18,underground,stoa60,gig,TWO HORSES AND A COW,,,,,,https://raw.githubusercontent.com/xiaflos/stoa60/main/src/assets/images/posters/2017-2018/2018-05-18_two-horses-and-a-cow.jpg,
2018-05-05,underground,stoa60,gig,SPYRAL OF SILENCE,WISE ASTRONOMIST,,,,,https://raw.githubusercontent.com/xiaflos/stoa60/main/src/assets/images/posters/2017-2018/2018-05-05_spyral-of-silence-wise-astronomist.jpg,
2018-04-27,underground,stoa60,gig,ΑΓΟΡΙΑΣΤΟΝΗΛΙΟ,ΟΤΟΜΠΡΙΤΣΙ ΜΟΤΟΡΙ,,,,,https://raw.githubusercontent.com/xiaflos/stoa60/main/src/assets/images/posters/2017-2018/2018-04-27_agoriastonilio-otobritsi-motori.jpg,
2018-04-21,underground,stoa60,gig,BEYOND PERCEPTION,O.Y.D,,,,,https://raw.githubusercontent.com/xiaflos/stoa60/main/src/assets/images/posters/2017-2018/2018-04-21_beyond-perception-oyd.jpg,
2018-04-14,underground,stoa60,gig,THE CYCLOTHYMICS,THYMICS,,,,,https://raw.githubusercontent.com/xiaflos/stoa60/main/src/assets/images/posters/2017-2018/2018-04-14_the-cyclothymics-thymics.jpg,
2018-03-31,underground,stoa60,gig,BLAME KADINSKY,REPRISAL,,,,,https://raw.githubusercontent.com/xiaflos/stoa60/main/src/assets/images/posters/2017-2018/2018-03-31_blame-kadinsky-reprisal.jpg,
2018-03-24,underground,stoa60,gig,CHAIN CULT,TIFFANY,,,,,https://raw.githubusercontent.com/xiaflos/stoa60/main/src/assets/images/posters/2017-2018/2018-03-24_chain-cult-tiffany.jpg,
2018-03-17,underground,stoa60,gig,ALIEN MUSTANGS,MELLOW LIZARD,MELLON SNACKMAN INGUANA,,,,https://raw.githubusercontent.com/xiaflos/stoa60/main/src/assets/images/posters/2017-2018/2018-03-17_alien-mustangs-mellow-lizard-mellon-snackman-inguana.jpg,
2018-03-10,underground,stoa60,gig,CRISIS CALL,PURE VIOLENT HEDONISM,,,,,https://raw.githubusercontent.com/xiaflos/stoa60/main/src/assets/images/posters/2017-2018/2018-03-10_pureviolenthedonism.jpg,
2018-03-09,underground,stoa60,gig,VENUS VOLCANISM,IN ATLAS,IMPEDANCE,,,,https://raw.githubusercontent.com/xiaflos/stoa60/main/src/assets/images/posters/2017-2018/2018-03-09_venus-volcanism-in-atlas-impedance.jpg,
2018-03-03,underground,stoa60,gig,ALLOCHIRIA,HASHIYA,,,,,https://raw.githubusercontent.com/xiaflos/stoa60/main/src/assets/images/posters/2017-2018/2018-03-03_allochiria-hashiya.jpg,
2018-02-24,underground,stoa60,gig,NEEDSPACE,THYMICS,,,,,https://raw.githubusercontent.com/xiaflos/stoa60/main/src/assets/images/posters/2017-2018/2018-02-24_needspace-thymics.jpg,
2018-02-17,underground,stoa60,gig,DOLLARS FOR DEADBEATS,ΝΤΕΡΤΙ DANCING,,,,,https://raw.githubusercontent.com/xiaflos/stoa60/main/src/assets/images/posters/2017-2018/2018-02-17_dollars-for-deadbeats-nterti-dancing.jpg,
2018-02-17,voutes,"stoa60, tameiosolidarity",gig,SARABANTE,BUCHANNONS,THIN BASTARDS,OTOMPRITSI MOTORI,,,https://raw.githubusercontent.com/xiaflos/stoa60/main/src/assets/images/posters/2017-2018/2018-02-17_tameio.jpg,
2018-02-10,underground,stoa60,gig,PUNKOFONIX,BABY CULT,,,,,https://raw.githubusercontent.com/xiaflos/stoa60/main/src/assets/images/posters/2017-2018/2018-02-10_punkofonix-baby-cult.jpg,
2018-02-03,underground,stoa60,gig,TURBO TEETH,TOKENO,ECHO CANYON,,,,https://raw.githubusercontent.com/xiaflos/stoa60/main/src/assets/images/posters/2017-2018/2018-02-03_turbo-teeth-tokeno-echo-canyon.jpg,
2018-01-27,underground,stoa60,gig,KRAAK,ΑΔΑΕΙΣ,,,,,https://raw.githubusercontent.com/xiaflos/stoa60/main/src/assets/images/posters/2017-2018/2018-01-27_kraak-adaeis.jpg,
2018-01-20,underground,stoa60,gig,LOST BODIES,PROJECT MK ULTRA,,,,,https://raw.githubusercontent.com/xiaflos/stoa60/main/src/assets/images/posters/2017-2018/2018-01-20_lost-bodies-project-mk-ultra.jpg,
2018-01-13,underground,stoa60,gig,PULSE,QUEEN TAKES JACK,,,,,https://raw.githubusercontent.com/xiaflos/stoa60/main/src/assets/images/posters/2017-2018/2018-01-13_pulse-queen-takes-jack.jpg,
2017-12-23,underground,stoa60,gig,VFD,MISS ZEBRA x DIDI,DEEP x GAN,AEON x RAY,WONE,FLU,https://raw.githubusercontent.com/xiaflos/stoa60/main/src/assets/images/posters/2017-2018/2017-12-23_vfd-miss-zebra-x-didi-deep-and-gan-aeon-and-ray-wone-flu.jpg,
2017-12-09,underground,stoa60,gig,MINERVA SUPERDUTY,REPRISAL,,,,,https://raw.githubusercontent.com/xiaflos/stoa60/main/src/assets/images/posters/2017-2018/2017-12-09_minerva-superduty-reprisal.jpg,
2017-11-25,underground,stoa60,gig,PLAYGROUND,ΣΟΦΙΑ ΣΑΡΡΗ,,,,,https://raw.githubusercontent.com/xiaflos/stoa60/main/src/assets/images/posters/2017-2018/2017-11-25_playground-sofia-sarri.jpg,
2017-11-17,underground,stoa60,gig,THEIR METHLAB,SWIM TO CAPE SHERPA,,,,,https://raw.githubusercontent.com/xiaflos/stoa60/main/src/assets/images/posters/2017-2018/2017-11-17_their-methlab-swim-to-cape-sherpa.jpg,
2017-11-11,underground,stoa60,gig,ΗΞΧ,FILM JACKET 35,,,,,https://raw.githubusercontent.com/xiaflos/stoa60/main/src/assets/images/posters/2017-2018/2017-11-11_ixch-film-jacket-35.jpg,
2017-11-04,underground,stoa60,gig,LITTLE VIRGIN EXPERIENCE,BABY CULT,,,,,https://raw.githubusercontent.com/xiaflos/stoa60/main/src/assets/images/posters/2017-2018/2017-11-04_little-virgin-experience-baby-cult.jpg,
2017-10-28,underground,stoa60,gig,SOCIAL WASTE,,,,,,https://raw.githubusercontent.com/xiaflos/stoa60/main/src/assets/images/posters/2017-2018/2017-10-28_social-waste.jpg,
2017-10-21,underground,stoa60,gig,GEMMA,TWO HORSES AND A COW,,,,,https://raw.githubusercontent.com/xiaflos/stoa60/main/src/assets/images/posters/2017-2018/2017-10-21_gemma-two-horses-and-a-cow.jpg,
2017-10-14,underground,stoa60,gig,OBZERV,MELOW THE BOTTOM,,,,,https://raw.githubusercontent.com/xiaflos/stoa60/main/src/assets/images/posters/2017-2018/2017-10-14_obzerv-melow-the-bottom.jpg,
2017-10-08,underground,stoa60,gig,JOHNNY CARBONARAS,,,,,,https://raw.githubusercontent.com/xiaflos/stoa60/main/src/assets/images/posters/2017-2018/2017-10-08_johnny-carbonaras.jpg,
2017-10-06,underground,stoa60,gig,MY TURN,THE THIN BASTARDS,,,,,https://raw.githubusercontent.com/xiaflos/stoa60/main/src/assets/images/posters/2017-2018/2017-10-06_my-turn-the-thin-bastards.jpg,
2017-09-30,georgiadis,stoa60,Down Tuned Dazed,LAST RIZZLA,AGNES VEIN,,,,,https://raw.githubusercontent.com/xiaflos/stoa60/main/src/assets/images/posters/2017-2018/2017-09-30_DOWNTUNEDDAZED_fest.jpg,
2017-09-16,xenia,stoa60,Party,ΠΑΡ'ΤΗ PARTY,,,,,,https://raw.githubusercontent.com/xiaflos/stoa60/main/src/assets/images/posters/2017-2018/2017-09-16_Parth.jpg,
2017-05-12,xenia,stoa60,Party,2 ΧΡΟΝΙΑ ΣΤΟΑ60,,,,,,https://raw.githubusercontent.com/xiaflos/stoa60/main/src/assets/images/posters/2016-2017/2017-05-12_2yearsStoa.jpg,
2017-05-06,underground,stoa60,gig,ΟΤΟΜΠΡΙΤΣΙ ΜΟΤΟΡΙ,THYMICS,THE THIN BASTARDS,SORDEM,,,https://raw.githubusercontent.com/xiaflos/stoa60/main/src/assets/images/posters/2016-2017/2017-05-06_otobritsi-motori-thymics-the-thin-bastards-sordem.jpg,
2017-04-29,underground,stoa60,gig,DEATH GRIVE,GROOM IN VINEYARDS,IMPEDANCE,,,,https://raw.githubusercontent.com/xiaflos/stoa60/main/src/assets/images/posters/2016-2017/2017-04-29_death-grive-groom-in-vineyards-impedance.jpg,
2017-04-22,underground,stoa60,gig,CONSPIRACY OF DENIAL,BELOW THE BOTTOM,,,,,https://raw.githubusercontent.com/xiaflos/stoa60/main/src/assets/images/posters/2016-2017/2017-04-22_conspiracy-of-denial-below-the-bottom.jpg,
2017-04-07,underground,stoa60,gig,KALPA,PURE VIOLENT HEDONISM,,,,,https://raw.githubusercontent.com/xiaflos/stoa60/main/src/assets/images/posters/2016-2017/2017-04-07_kalpa-pure-violent-hedonism.jpg,
2017-04-01,underground,stoa60,gig,COSMIC PLUNGE,WISE ASTRONOMIST,,,,,https://raw.githubusercontent.com/xiaflos/stoa60/main/src/assets/images/posters/2016-2017/2017-04-01_cosmic-plunge-wise-astronomist.jpg,
2017-03-25,underground,stoa60,gig,WISH UPON A STAR,PUNKOFONIX,,,,,https://raw.githubusercontent.com/xiaflos/stoa60/main/src/assets/images/posters/2016-2017/2017-03-25_wish-upon-a-star-punkofonix.jpg,
2017-03-18,underground,stoa60,gig,SHATTERED HOPE,OMEGA MONOLITH,,,,,https://raw.githubusercontent.com/xiaflos/stoa60/main/src/assets/images/posters/2016-2017/2017-03-18_shattered-hope-omega-monolith.jpg,
2017-03-11,underground,stoa60,gig,RAW NOISE APES,NOMA,ΜΕΛΑΙΝΑ ΧΟΛΗ,,,,https://raw.githubusercontent.com/xiaflos/stoa60/main/src/assets/images/posters/2016-2017/2017-03-11_raw-noise-apes-noma-melaina-choli.jpg,
2017-03-04,underground,stoa60,gig,JOHNNY CARBONARAS,ΦΟΥΝΤΟΥΚΙΑ,,,,,https://raw.githubusercontent.com/xiaflos/stoa60/main/src/assets/images/posters/2016-2017/2017-03-04_johnny-carbonaras-fountoukia.jpg,
2017-02-24,underground,stoa60,gig,BABEL TRIO,FELIMORMIA,,,,,https://raw.githubusercontent.com/xiaflos/stoa60/main/src/assets/images/posters/2016-2017/2017-02-24_babel-trio-felimormia.jpg,
2017-02-11,underground,stoa60,gig,LITTLE VIRGIN EXPERIENCE,BABY CULT,,,,,https://raw.githubusercontent.com/xiaflos/stoa60/main/src/assets/images/posters/2016-2017/2017-02-11_little-virgin-experience-baby-cult.jpg,
2017-02-04,underground,stoa60,gig,MILLIONS OF DEAD TOURISTS,PS STAMPS BACK,ΞΕΡΑ,,,,https://raw.githubusercontent.com/xiaflos/stoa60/main/src/assets/images/posters/2016-2017/2017-02-04_millions-of-dead-tourists-ps-stamps-back-xera.jpg,
2017-01-28,underground,stoa60,gig,MONK,SKUMA,,,,,https://raw.githubusercontent.com/xiaflos/stoa60/main/src/assets/images/posters/2016-2017/2017-01-28_monk-skuma.jpg,
2017-01-21,underground,stoa60,gig,CIRCASSIAN,SWIM TO CAPE SHERPA,,,,,https://raw.githubusercontent.com/xiaflos/stoa60/main/src/assets/images/posters/2016-2017/2017-01-21_circassian-swim-to-cape-sherpa.jpg,
2017-01-14,underground,stoa60,gig,RAMDAT,ΞΕΦΡΕΝΟ ΑΕΡΟΣΤΑΤΟ,,,,,https://raw.githubusercontent.com/xiaflos/stoa60/main/src/assets/images/posters/2016-2017/2017-01-14_ramdat-xefreno-aerostato.jpg,
2017-01-07,underground,stoa60,gig,THE ART OF RAW RECORDS,FER DE LANCE,,,,,https://raw.githubusercontent.com/xiaflos/stoa60/main/src/assets/images/posters/2016-2017/2017-01-07_the-art-of-raw-records-and-fer-de-lance.jpg,
2016-12-17,underground,stoa60,gig,THE STEAMS,MELLOW LIZARD,,,,,https://raw.githubusercontent.com/xiaflos/stoa60/main/src/assets/images/posters/2016-2017/2016-12-17_the-steams-mellow-lizard.jpg,
2016-12-10,underground,stoa60,gig,REPRISAL,SARABANTE,,,,,https://raw.githubusercontent.com/xiaflos/stoa60/main/src/assets/images/posters/2016-2017/2016-12-10_reprisal-sarabante.jpg,
2016-11-26,underground,stoa60,gig,PUNKOFONIX,ΟΤΟΜΠΡΙΤΣΙ ΜΟΤΟΡΙ,ΑΔΑΕΙΣ,,,,https://raw.githubusercontent.com/xiaflos/stoa60/main/src/assets/images/posters/2016-2017/2016-11-26_punkofonix-otobritsi-motori-adaeis.jpg,
2016-11-19,underground,stoa60,gig,CRAANG AND MANDA RAY,,,,,,https://raw.githubusercontent.com/xiaflos/stoa60/main/src/assets/images/posters/2016-2017/2016-11-19_craang-and-manda-ray.jpg,
2016-11-05,underground,stoa60,gig,BELOW THE BOTTOM,NEVER-TRUST,,,,,https://raw.githubusercontent.com/xiaflos/stoa60/main/src/assets/images/posters/2016-2017/2016-11-05_below-the-bottom-never-trust_v2.jpg,
2016-10-29,underground,stoa60,gig,HAND & LEG,THYMICS,,,,,https://raw.githubusercontent.com/xiaflos/stoa60/main/src/assets/images/posters/2016-2017/2016-10-29_hand-and-leg-thymics.jpg,
2016-10-22,underground,stoa60,gig,VOID DROID,WISE ASTRONOMIST,,,,,https://raw.githubusercontent.com/xiaflos/stoa60/main/src/assets/images/posters/2016-2017/2016-10-22_void-droid-wise-astronomist.jpg,
2016-10-15,underground,stoa60,gig,FILM JACKET 35. THE THIN BASTARDS,,,,,,https://raw.githubusercontent.com/xiaflos/stoa60/main/src/assets/images/posters/2016-2017/2016-10-15_film-jacket-35-the-thin-bastards.jpg,
2016-10-05,underground,stoa60,gig,FOX DEVILS WILD,ΝΤΕΡΤΙ DANCING,,,,,https://raw.githubusercontent.com/xiaflos/stoa60/main/src/assets/images/posters/2016-2017/2016-10-05_fox-devils-wild-dirty-dancing.jpg,
2016-09-10,xenia,stoa60,Party,PARTY ΞΕΝΙΑ,,,,,,https://raw.githubusercontent.com/xiaflos/stoa60/main/src/assets/images/posters/2016-2017/2016-09-10_SecondXenia.jpg,
2016-06-18,xenia,stoa60,Party,PARTY ΞΕΝΙΑ,,,,,,https://raw.githubusercontent.com/xiaflos/stoa60/main/src/assets/images/posters/2015-2016/2016-06-18_firstXenia.jpg,
2016-05-13,underground,stoa60,gig,BURN THE SUN,WISE ASTRONOMIST,,,,,https://raw.githubusercontent.com/xiaflos/stoa60/main/src/assets/images/posters/2015-2016/2016-05-13_burn-the-sun-wise-astronomist.jpg,
2016-05-07,underground,stoa60,gig,MISS ZEBRA,ΛΑΘΟΣ ΕΠΟΧΗ,ΠΡΟΠΑΤΩΡ,,,,https://raw.githubusercontent.com/xiaflos/stoa60/main/src/assets/images/posters/2015-2016/2016-05-07_miss-zebra-lathos-epochi-propator.jpg,
2016-04-23,underground,stoa60,gig,THE KANGOORS,LOLLIPOP,,,,,https://raw.githubusercontent.com/xiaflos/stoa60/main/src/assets/images/posters/2015-2016/2016-04-23_the-kangoors-lollipop.jpg,
2016-04-09,underground,stoa60,gig,KAMIKAZI,ΟΤΟΜΠΡΙΤΣΙ ΜΟΤΟΡΙ,,,,,https://raw.githubusercontent.com/xiaflos/stoa60/main/src/assets/images/posters/2015-2016/2016-04-09_kamikazi-otobritsi-motori.jpg,
2016-04-03,underground,stoa60,gig,WHAM JAH,KOSTADIS,DEADGUM,,,,https://raw.githubusercontent.com/xiaflos/stoa60/main/src/assets/images/posters/2015-2016/2016-04-03_corpses-cosmic-plunge_v2.jpg,
2016-03-26,underground,stoa60,gig,PROCRASTINATE,OUTREIGN,,,,,https://raw.githubusercontent.com/xiaflos/stoa60/main/src/assets/images/posters/2015-2016/2016-03-26_procrastinate-outreign.jpg,
2016-03-19,underground,stoa60,gig,THE BUCHANNONS,THYMICS,,,,,https://raw.githubusercontent.com/xiaflos/stoa60/main/src/assets/images/posters/2015-2016/2016-03-19_the-buchannons-thymics.jpg,
2016-03-12,underground,stoa60,gig,KOONOOPOMANA,MELLOW LIZARD,,,,,https://raw.githubusercontent.com/xiaflos/stoa60/main/src/assets/images/posters/2015-2016/2016-03-12_koonoopomana-mellow-lizard.jpg,
2016-03-04,underground,stoa60,gig,CORPSES,COSMIC PLUNGE,,,,,https://raw.githubusercontent.com/xiaflos/stoa60/main/src/assets/images/posters/2015-2016/2016-03-04_wham-jah-kostadis-deadgum.jpg,
2016-02-27,underground,stoa60,gig,ΜΑΥΡΟ ΓΑΛΑ,DIRTY WOMBS,,,,,https://raw.githubusercontent.com/xiaflos/stoa60/main/src/assets/images/posters/2015-2016/2016-02-27_mavro-gala-dirty-wombs.jpg,
2016-02-06,underground,stoa60,gig,THE SUSHI KILLERS,ΦΟΥΝΤΟΥΚΙΑ,,,,,https://raw.githubusercontent.com/xiaflos/stoa60/main/src/assets/images/posters/2015-2016/2016-02-06_the-sushi-killers-fountoukia.jpg,
2016-01-30,underground,stoa60,gig,KATAXNIA,REPRISAL,,,,,https://raw.githubusercontent.com/xiaflos/stoa60/main/src/assets/images/posters/2015-2016/2016-01-30_kataxnia-reprisal.jpg,
2016-01-23,underground,stoa60,gig,RITA MOSS,LAST DAYS OF S.E.X,,,,,https://raw.githubusercontent.com/xiaflos/stoa60/main/src/assets/images/posters/2015-2016/2016-01-23_rita-moss-last-days-of-sex_v2.jpg,
2016-01-16,underground,stoa60,gig,SWIM TO CAPE SHERPA,SNAP,,,,,https://raw.githubusercontent.com/xiaflos/stoa60/main/src/assets/images/posters/2015-2016/2016-01-16_swim-to-cape-sherpa-snap.jpg,
2015-12-19,underground,stoa60,gig,ΑΧΑΙΡΕΥΤΟΙ,MANAKULA,,,,,https://raw.githubusercontent.com/xiaflos/stoa60/main/src/assets/images/posters/2015-2016/2015-12-19_axaireftoi-mankula.jpg,
2015-12-05,underground,stoa60,gig,NERRVES,PROJECT MK ULTRA,,,,,https://raw.githubusercontent.com/xiaflos/stoa60/main/src/assets/images/posters/2015-2016/2015-12-05_nerrves-project-mk-ultra.jpg,
2015-11-28,underground,stoa60,gig,WISE ASTRONOMIST,THYMICS,,,,,https://raw.githubusercontent.com/xiaflos/stoa60/main/src/assets/images/posters/2015-2016/2015-11-28_wise-astronomist-thymics.jpg,
2015-11-14,underground,stoa60,gig,CHRONOBOROS,BELOW THE BOTTOM,,,,,https://raw.githubusercontent.com/xiaflos/stoa60/main/src/assets/images/posters/2015-2016/2015-11-14_chronoboros-below-the-bottom.jpg,
2015-10-03,georgiadis,stoa60,Party,Πρώτο Πάρτυ,,,,,,https://raw.githubusercontent.com/xiaflos/stoa60/main/src/assets/images/posters/2015-2016/2015-10-03-First.jpg,
